{"cameraMode":{"drawMode":0,"name":"Shaded","section":"Shading Mode"},"sceneLighting":false,"audioPlay":false,"sceneViewState":{"m_AlwaysRefresh":false,"showFog":true,"showSkybox":false,"showFlares":true,"showImageEffects":true,"showParticleSystems":true,"showVisualEffectGraphs":true,"m_FxEnabled":true},"in2DMode":false,"pivot":{"x":0.9871061444282532,"y":-0.00558587908744812,"z":0.0008718967437744141},"rotation":{"x":-0.10763459652662277,"y":-0.5285146236419678,"z":0.06771659851074219,"w":-0.8394214510917664},"size":3.6460893154144289,"orthographic":false}