{"cameraMode":{"drawMode":0,"name":"Shaded","section":"Shading Mode"},"sceneLighting":false,"audioPlay":false,"sceneViewState":{"m_AlwaysRefresh":false,"showFog":true,"showSkybox":false,"showFlares":true,"showImageEffects":true,"showParticleSystems":true,"showVisualEffectGraphs":true,"m_FxEnabled":true},"in2DMode":false,"pivot":{"x":1.262689232826233,"y":0.7542542815208435,"z":1.126507043838501},"rotation":{"x":-0.059783268719911578,"y":-0.07778351753950119,"z":-0.00467670476064086,"w":0.9952009320259094},"size":0.9901489615440369,"orthographic":false}