{"cameraMode":{"drawMode":0,"name":"Shaded","section":"Shading Mode"},"sceneLighting":false,"audioPlay":false,"sceneViewState":{"m_AlwaysRefresh":false,"showFog":true,"showSkybox":false,"showFlares":true,"showImageEffects":true,"showParticleSystems":true,"showVisualEffectGraphs":true,"m_FxEnabled":true},"in2DMode":false,"pivot":{"x":1.9536076784133912,"y":0.0638156533241272,"z":1.424928069114685},"rotation":{"x":0.15232884883880616,"y":0.03261353448033333,"z":-0.0049963295459747318,"w":0.9878168106079102},"size":3.689253568649292,"orthographic":false}