{"cameraMode":{"drawMode":0,"name":"Shaded","section":"Shading Mode"},"sceneLighting":false,"audioPlay":false,"sceneViewState":{"m_AlwaysRefresh":false,"showFog":true,"showSkybox":false,"showFlares":true,"showImageEffects":true,"showParticleSystems":true,"showVisualEffectGraphs":true,"m_FxEnabled":true},"in2DMode":false,"pivot":{"x":1.748659372329712,"y":0.6965959072113037,"z":0.41830015182495119},"rotation":{"x":-0.08539768308401108,"y":0.00507382582873106,"z":-0.00044822331983596087,"w":-0.9963644742965698},"size":2.792386293411255,"orthographic":false}