{"cameraMode":{"drawMode":0,"name":"Shaded","section":"Shading Mode"},"sceneLighting":false,"audioPlay":false,"sceneViewState":{"m_AlwaysRefresh":false,"showFog":true,"showSkybox":false,"showFlares":true,"showImageEffects":true,"showParticleSystems":true,"showVisualEffectGraphs":true,"m_FxEnabled":true},"in2DMode":false,"pivot":{"x":1.1418532133102418,"y":0.8212234973907471,"z":1.5470689535140992},"rotation":{"x":-0.03299269825220108,"y":-0.011994456872344017,"z":-0.00040880704182200134,"w":0.9994214177131653},"size":0.4354281723499298,"orthographic":false}