{"cameraMode":{"drawMode":0,"name":"Shaded","section":"Shading Mode"},"sceneLighting":false,"audioPlay":false,"sceneViewState":{"m_AlwaysRefresh":false,"showFog":true,"showSkybox":false,"showFlares":true,"showImageEffects":true,"showParticleSystems":true,"showVisualEffectGraphs":true,"m_FxEnabled":true},"in2DMode":false,"pivot":{"x":0.5543861985206604,"y":-0.45884251594543459,"z":1.6284117698669434},"rotation":{"x":-0.14182442426681519,"y":0.05252828076481819,"z":-0.007583477534353733,"w":-0.9885230660438538},"size":3.8462717533111574,"orthographic":false}