{"cameraMode":{"drawMode":0,"name":"Shaded","section":"Shading Mode"},"sceneLighting":false,"audioPlay":false,"sceneViewState":{"m_AlwaysRefresh":false,"showFog":true,"showSkybox":false,"showFlares":true,"showImageEffects":true,"showParticleSystems":true,"showVisualEffectGraphs":true,"m_FxEnabled":true},"in2DMode":false,"pivot":{"x":0.9864847660064697,"y":0.35752221941947939,"z":1.6441411972045899},"rotation":{"x":-0.008952705189585686,"y":-0.1048092171549797,"z":-0.0009223136003129184,"w":0.9944920539855957},"size":0.5352925062179565,"orthographic":false}