{"cameraMode":{"drawMode":0,"name":"Shaded","section":"Shading Mode"},"sceneLighting":false,"audioPlay":false,"sceneViewState":{"m_AlwaysRefresh":false,"showFog":true,"showSkybox":false,"showFlares":true,"showImageEffects":true,"showParticleSystems":true,"showVisualEffectGraphs":true,"m_FxEnabled":true},"in2DMode":false,"pivot":{"x":2.649338483810425,"y":1.7661685943603516,"z":1.7748041152954102},"rotation":{"x":-0.10950577259063721,"y":-0.042322658002376559,"z":0.0047766524367034439,"w":-0.9932539463043213},"size":6.708505153656006,"orthographic":false}