{"cameraMode":{"drawMode":0,"name":"Shaded","section":"Shading Mode"},"sceneLighting":false,"audioPlay":false,"sceneViewState":{"m_AlwaysRefresh":false,"showFog":true,"showSkybox":false,"showFlares":true,"showImageEffects":true,"showParticleSystems":true,"showVisualEffectGraphs":true,"m_FxEnabled":true},"in2DMode":false,"pivot":{"x":0.526389479637146,"y":0.1776508092880249,"z":1.4867079257965088},"rotation":{"x":0.05685391649603844,"y":-0.06403972208499909,"z":0.003696220461279154,"w":0.9963794350624085},"size":2.5505523681640627,"orthographic":false}