{"cameraMode":{"drawMode":0,"name":"Shaded","section":"Shading Mode"},"sceneLighting":false,"audioPlay":false,"sceneViewState":{"m_AlwaysRefresh":false,"showFog":false,"showSkybox":false,"showFlares":false,"showImageEffects":false,"showParticleSystems":false,"showVisualEffectGraphs":true,"m_FxEnabled":true},"in2DMode":false,"pivot":{"x":0.0000017881393432617188,"y":1.5140886306762696,"z":0.016342520713806154},"rotation":{"x":0.017122162505984308,"y":0.9791193008422852,"z":-0.09310775250196457,"w":0.17999127507209779},"size":2.349763870239258,"orthographic":false}