{"cameraMode":{"drawMode":0,"name":"Shaded","section":"Shading Mode"},"sceneLighting":false,"audioPlay":false,"sceneViewState":{"m_AlwaysRefresh":false,"showFog":true,"showSkybox":false,"showFlares":true,"showImageEffects":true,"showParticleSystems":true,"showVisualEffectGraphs":true,"m_FxEnabled":true},"in2DMode":false,"pivot":{"x":0.8823248744010925,"y":0.7968775033950806,"z":0.5205992460250855},"rotation":{"x":-0.0868874117732048,"y":0.01403769850730896,"z":-0.0012600448681041599,"w":-0.99617600440979},"size":2.417484760284424,"orthographic":false}